"DESCRIPTION","DURATION IN MS","NAME","PARENT SUITE","START TIME","STATUS","STOP TIME","SUB SUITE","SUITE","TEST CLASS","TEST METHOD"
"","42858","Fr CA › Produits › 00057000003074 Sauce Chili","chromium","2026-06-16","failed","2026-06-16","Heinz — Preview vs Production","","",""
"","73852","Fr CA › 57bbq › Rules","chromium","2026-06-16","failed","2026-06-16","Heinz — Preview vs Production","","",""
"","89800","Fr CA › Privacy Policy","chromium","2026-06-16","failed","2026-06-16","Heinz — Preview vs Production","","",""
"","28689","Fr CA › Produits › 00057000003128 Ketchup Aux Tomates","chromium","2026-06-16","failed","2026-06-16","Heinz — Preview vs Production","","",""
"","61916","Fr CA › Durabilite › Tomates Durables","chromium","2026-06-16","failed","2026-06-16","Heinz — Preview vs Production","","",""
"","59492","Fr CA › Mayo Success","chromium","2026-06-16","failed","2026-06-16","Heinz — Preview vs Production","","",""
"","32263","Fr CA › Produits › 00057000034375 Quatuor D Ete","chromium","2026-06-16","failed","2026-06-16","Heinz — Preview vs Production","","",""
"","37213","Fr CA › Recettes › Brochettes De Petoncles Au Miel Et A L Ail","chromium","2026-06-16","failed","2026-06-16","Heinz — Preview vs Production","","",""
"","67815","Fr CA › Grandjeu57","chromium","2026-06-16","failed","2026-06-16","Heinz — Preview vs Production","","",""
"","35133","Fr CA › Produits › 00057000086114 Feves Facon Erabliere Sirop D Erable Pur Du Quebec","chromium","2026-06-16","failed","2026-06-16","Heinz — Preview vs Production","","",""
"","41289","Fr CA › Produits › 00057000000608 Sauce Tartare","chromium","2026-06-16","failed","2026-06-16","Heinz — Preview vs Production","","",""
"","89281","Fr CA › Qui Nous Sommes","chromium","2026-06-16","failed","2026-06-16","Heinz — Preview vs Production","","",""
"","29055","Fr CA › Produits › 00057000038557 Ketchup Aux Tomates A Faible Teneur En Sodium","chromium","2026-06-16","failed","2026-06-16","Heinz — Preview vs Production","","",""
"","30880","Fr CA › Produits › 00068100004083 Sauce Style Mayonnaise Mayochup","chromium","2026-06-16","failed","2026-06-16","Heinz — Preview vs Production","","",""
"","27338","Fr CA › Produits › 00068100004120 Sauce Style Mayonnaise Bacon Fume","chromium","2026-06-16","failed","2026-06-16","Heinz — Preview vs Production","","",""
"","32106","Fr CA › Produits › 00057000013165 Ketchup Aux Tomates","chromium","2026-06-16","failed","2026-06-16","Heinz — Preview vs Production","","",""
"","33907","Fr CA › Produits › 00057000034627 Feves A La Britannique Sauce Tomate","chromium","2026-06-16","failed","2026-06-16","Heinz — Preview vs Production","","",""
"","34114","Fr CA › Produits › 00057000009380 Sauce 57 Originale","chromium","2026-06-16","failed","2026-06-16","Heinz — Preview vs Production","","",""
"","33950","Fr CA › Produits › 00057000036034 Sauce De Cocktail A Fruits De Mer","chromium","2026-06-16","failed","2026-06-16","Heinz — Preview vs Production","","",""
"","84726","Fr CA › Terms Of Use","chromium","2026-06-16","failed","2026-06-16","Heinz — Preview vs Production","","",""
"","34486","Fr CA › Produits › 00068100004076 Sauce Style Mayonnaise A L Ail","chromium","2026-06-16","failed","2026-06-16","Heinz — Preview vs Production","","",""
"","34666","Fr CA › Produits › 00057000086107 Haricots Pinto Et Haricots Rouges Facon Chili","chromium","2026-06-16","failed","2026-06-16","Heinz — Preview vs Production","","",""
"","35599","Fr CA › Produits › 00057000132118 Feves Originales Sauce Tomate","chromium","2026-06-16","failed","2026-06-16","Heinz — Preview vs Production","","",""
"","34148","Fr CA › Produits › 00057000007034 Feves Originales Sauce Tomate","chromium","2026-06-16","failed","2026-06-16","Heinz — Preview vs Production","","",""
"","23005","Fr CA › Produits › 00057000000950 Vraie Mayonnaise","chromium","2026-06-16","failed","2026-06-16","Heinz — Preview vs Production","","",""
"","20745","Fr CA › Recettes › Poulet Au Bourbon","chromium","2026-06-16","failed","2026-06-16","Heinz — Preview vs Production","","",""
"","32557","Fr CA › Produits › 00057000036355 Moutarde Jaune","chromium","2026-06-16","failed","2026-06-16","Heinz — Preview vs Production","","",""
"","65553","Fr CA › Durabilite › Tomates Du Futur","chromium","2026-06-16","failed","2026-06-16","Heinz — Preview vs Production","","",""
"","29972","Fr CA › Produits › 00057000002817 Ketchup Aux Cornichons","chromium","2026-06-16","failed","2026-06-16","Heinz — Preview vs Production","","",""
"","35270","Fr CA › Produits › 00057000613280 Ketchup Aux Tomates","chromium","2026-06-16","failed","2026-06-16","Heinz — Preview vs Production","","",""
"","45663","Fr CA › Produits › 00068100003130 Sauce Pour Burger","chromium","2026-06-16","failed","2026-06-16","Heinz — Preview vs Production","","",""
"","43581","Fr CA › Produits › 00057000063085 Ketchup Aux Tomates","chromium","2026-06-16","failed","2026-06-16","Heinz — Preview vs Production","","",""
"","82562","Fr CA › Testing","chromium","2026-06-16","failed","2026-06-16","Heinz — Preview vs Production","","",""
"","79840","Fr CA › Tomorrowland Contest › Rules","chromium","2026-06-16","failed","2026-06-16","Heinz — Preview vs Production","","",""
"","34085","Fr CA › Produits › 00057000057534 Feves Bien Mijotees Sauce Tomate","chromium","2026-06-16","failed","2026-06-16","Heinz — Preview vs Production","","",""
"","27619","Fr CA › Produits › 00057000131845 Feves Facon Barbecue Chipotles Dans Une Sauce Barbecue Fumee","chromium","2026-06-16","failed","2026-06-16","Heinz — Preview vs Production","","",""
"","74782","Fr CA › Mayo","chromium","2026-06-16","failed","2026-06-16","Heinz — Preview vs Production","","",""
"","34493","Fr CA › Produits › 00057000006976 Feves Bien Mijotees Melasse Et Lard","chromium","2026-06-16","failed","2026-06-16","Heinz — Preview vs Production","","",""
"","111574","Fr CA","chromium","2026-06-16","failed","2026-06-16","Heinz — Preview vs Production","","",""
"","22520","Fr CA › Produits › 00068100004113 Vraie Mayonnaise","chromium","2026-06-16","failed","2026-06-16","Heinz — Preview vs Production","","",""
"","34308","Fr CA › Produits › 00057000018153 Ketchup Aux Tomates Piquant Et Epice","chromium","2026-06-16","failed","2026-06-16","Heinz — Preview vs Production","","",""
"","72575","Fr CA › 57bbq › Success","chromium","2026-06-16","failed","2026-06-16","Heinz — Preview vs Production","","",""
"","45002","Fr CA › Produits › 00057000712532 Ketchup Aux Tomates Biologique","chromium","2026-06-16","failed","2026-06-16","Heinz — Preview vs Production","","",""
"","81360","Fr CA › Recipes","chromium","2026-06-16","failed","2026-06-16","Heinz — Preview vs Production","","",""
"","39812","Fr CA › Recettes › Sauce A Trempette A L Orange Piquante","chromium","2026-06-16","failed","2026-06-16","Heinz — Preview vs Production","","",""
"","32508","Fr CA › Produits › 00057000038335 Moutarde De Dijon","chromium","2026-06-16","failed","2026-06-16","Heinz — Preview vs Production","","",""
"","29621","Fr CA › Produits › 00057000003616 Sauce Chili","chromium","2026-06-16","failed","2026-06-16","Heinz — Preview vs Production","","",""
"","29604","Fr CA › Produits › 00057000038571 Ketchup Aux Tomates Sans Sucre Ajoute","chromium","2026-06-16","failed","2026-06-16","Heinz — Preview vs Production","","",""
"","30485","Fr CA › Produits › 00057000006921 Feves Originales Lard Et Sauce Tomate","chromium","2026-06-16","failed","2026-06-16","Heinz — Preview vs Production","","",""
"","40829","Fr CA › Produits › 00068100004144 Sauce Style Mayonnaise Aux Cornichons","chromium","2026-06-16","failed","2026-06-16","Heinz — Preview vs Production","","",""
"","25671","Fr CA › Produits › 00068100004137 Sauce Style Mayonnaise A La Saveur D Ail Et De Parmesan","chromium","2026-06-16","failed","2026-06-16","Heinz — Preview vs Production","","",""
"","32165","Fr CA › Produits › 00057000002893 Sauce Mayonnaise Piri Piri","chromium","2026-06-16","failed","2026-06-16","Heinz — Preview vs Production","","",""
"","33779","Fr CA › Produits › 00057000133269 Feves Originales Cassonade Et Bacon","chromium","2026-06-16","failed","2026-06-16","Heinz — Preview vs Production","","",""
"","60530","Fr CA › Durabilite","chromium","2026-06-16","failed","2026-06-16","Heinz — Preview vs Production","","",""
"","31129","Fr CA › Produits › 00068100004106 Sauce Style Mayonnaise Sriracha","chromium","2026-06-16","failed","2026-06-16","Heinz — Preview vs Production","","",""
"","31765","Fr CA › Produits › 00057000243760 Ketchup Aux Tomates","chromium","2026-06-16","failed","2026-06-16","Heinz — Preview vs Production","","",""
"","87409","Fr CA › Merci","chromium","2026-06-16","failed","2026-06-16","Heinz — Preview vs Production","","",""
"","32655","Fr CA › Produits › 00057000002879 Sauce Mayonnaise Chimichurri","chromium","2026-06-16","failed","2026-06-16","Heinz — Preview vs Production","","",""
"","25839","Fr CA › Produits › 00057000002992 Ketchup Aux Tomates","chromium","2026-06-16","failed","2026-06-16","Heinz — Preview vs Production","","",""
"","32812","Fr CA › Produits › 00057000057930 Feves Bien Mijotees Melasse Et Lard","chromium","2026-06-16","failed","2026-06-16","Heinz — Preview vs Production","","",""
"","17535","Fr CA › Recettes › Sandwichs Au Porc Epice A La Mijoteuse","chromium","2026-06-16","failed","2026-06-16","Heinz — Preview vs Production","","",""
"","102135","Fr CA › Sinscrire","chromium","2026-06-16","failed","2026-06-16","Heinz — Preview vs Production","","",""
"","46202","Fr CA › Produits › 00068100004182 Sauce Mayonnaise Style Burger","chromium","2026-06-16","failed","2026-06-16","Heinz — Preview vs Production","","",""
"","33597","Fr CA › Produits › 00057000002909 Sauce Mayonnaise Style Moutarde Fumee","chromium","2026-06-16","failed","2026-06-16","Heinz — Preview vs Production","","",""
"","33704","Fr CA › Produits › 00057000132088 Feves Bien Mijotees Lard Et Sauce Tomate","chromium","2026-06-16","failed","2026-06-16","Heinz — Preview vs Production","","",""
"","71853","Fr CA › Products","chromium","2026-06-16","failed","2026-06-16","Heinz — Preview vs Production","","",""
"","54822","Fr CA › Recettes › Brochettes De Crevettes Marinees Au Citron Et A L Ail","chromium","2026-06-16","failed","2026-06-16","Heinz — Preview vs Production","","",""
"","39836","Fr CA › Produits › 00057000039844 Ensemble De Condiments","chromium","2026-06-16","failed","2026-06-16","Heinz — Preview vs Production","","",""
"","21951","Fr CA › Produits › 00068100004151 Sauce Style Mayonnaise A La Saveur Mangue Et Habanero","chromium","2026-06-16","failed","2026-06-16","Heinz — Preview vs Production","","",""
"","51221","Fr CA › Recettes › Sauce Pour Burger H J Heinz","chromium","2026-06-16","failed","2026-06-16","Heinz — Preview vs Production","","",""
